# Letters commonly used by a language, lowercase. Only used for scripts
# shared by several languages (Latin, Cyrillic).
# code	letters
deu	abcdefghijklmnopqrstuvwxyzßäöü
eng	abcdefghijklmnopqrstuvwxyz
fra	abcdefghijklmnopqrstuvwxyzàâçèéêëîïôùûüÿœ
ind	abcdefghijklmnopqrstuvwxyz
ita	abcdefghijklmnopqrstuvwxyzàèéìòù
nld	abcdefghijklmnopqrstuvwxyzàèéëïĳ
pol	abcdefghijklmnopqrstuvwxyzóąćęłńśźż
por	abcdefghijklmnopqrstuvwxyzàáâãçéêíóôõú
rus	абвгдежзийклмнопрстуфхцчшщъыьэюяё
spa	abcdefghijklmnopqrstuvwxyz¡¿áéíñóúü
tur	abcdefghijklmnopqrstuvwxyzçöüğış̇
ukr	абвгдежзийклмнопрстуфхцчшщьюяєіїґ
vie	abcdefghijklmnopqrstuvwxyzàáâãèéêìíòóôõùúýăđĩũơưạảấầẩẫậắằẳẵặẹẻẽếềểễệỉịọỏốồổỗộớờởỡợụủứừửữựỳỵỷỹ
