# Supported languages, sorted by code. Line order defines language indices.
# code (ISO 639-3)	ISO 639-1	English name	native name
ara	ar	Arabic	العربية
cmn	zh	Mandarin	普通话
deu	de	German	Deutsch
eng	en	English	English
fra	fr	French	Français
hin	hi	Hindi	हिन्दी
ind	id	Indonesian	Bahasa Indonesia
ita	it	Italian	Italiano
jpn	ja	Japanese	日本語
kor	ko	Korean	한국어
nld	nl	Dutch	Nederlands
pol	pl	Polish	Polski
por	pt	Portuguese	Português
rus	ru	Russian	Русский
spa	es	Spanish	Español
tur	tr	Turkish	Türkçe
ukr	uk	Ukrainian	Українська
vie	vi	Vietnamese	Tiếng Việt
